/*
Navicat MySQL Data Transfer

Source Server         : test
Source Server Version : 50622
Source Host           : localhost:3306
Source Database       : cms

Target Server Type    : MYSQL
Target Server Version : 50622
File Encoding         : 65001

Date: 2017-11-19 08:59:53
*/

SET FOREIGN_KEY_CHECKS=0;

-- ----------------------------
-- Table structure for sys_config
-- ----------------------------
DROP TABLE IF EXISTS `sys_config`;
CREATE TABLE `sys_config` (
  `id` bigint(20) NOT NULL AUTO_INCREMENT,
  `key` varchar(50) DEFAULT NULL COMMENT 'key',
  `value` varchar(2000) DEFAULT NULL COMMENT 'value',
  `status` tinyint(4) DEFAULT '1' COMMENT '状态   0：隐藏   1：显示',
  `remark` varchar(500) DEFAULT NULL COMMENT '备注',
  PRIMARY KEY (`id`),
  UNIQUE KEY `key` (`key`)
) ENGINE=InnoDB AUTO_INCREMENT=2 DEFAULT CHARSET=utf8 COMMENT='系统配置信息表';

-- ----------------------------
-- Records of sys_config
-- ----------------------------
INSERT INTO `sys_config` VALUES ('1', 'CLOUD_STORAGE_CONFIG_KEY', '{\"aliyunAccessKeyId\":\"\",\"aliyunAccessKeySecret\":\"\",\"aliyunBucketName\":\"\",\"aliyunDomain\":\"\",\"aliyunEndPoint\":\"\",\"aliyunPrefix\":\"\",\"qcloudBucketName\":\"\",\"qcloudDomain\":\"\",\"qcloudPrefix\":\"\",\"qcloudSecretId\":\"\",\"qcloudSecretKey\":\"\",\"qiniuAccessKey\":\"NrgMfABZxWLo5B-YYSjoE8-AZ1EISdi1Z3ubLOeZ\",\"qiniuBucketName\":\"ios-app\",\"qiniuDomain\":\"http://7xqbwh.dl1.z0.glb.clouddn.com\",\"qiniuPrefix\":\"upload\",\"qiniuSecretKey\":\"uIwJHevMRWU0VLxFvgy0tAcOdGqasdtVlJkdy6vV\",\"type\":1}', '0', '云存储配置信息');

-- ----------------------------
-- Table structure for sys_log
-- ----------------------------
DROP TABLE IF EXISTS `sys_log`;
CREATE TABLE `sys_log` (
  `id` bigint(20) NOT NULL AUTO_INCREMENT,
  `username` varchar(50) DEFAULT NULL COMMENT '用户名',
  `operation` varchar(50) DEFAULT NULL COMMENT '用户操作',
  `method` varchar(200) DEFAULT NULL COMMENT '请求方法',
  `params` varchar(5000) DEFAULT NULL COMMENT '请求参数',
  `ip` varchar(64) DEFAULT NULL COMMENT 'IP地址',
  `create_date` datetime DEFAULT NULL COMMENT '创建时间',
  PRIMARY KEY (`id`)
) ENGINE=InnoDB AUTO_INCREMENT=6 DEFAULT CHARSET=utf8 COMMENT='系统日志';

-- ----------------------------
-- Records of sys_log
-- ----------------------------
INSERT INTO `sys_log` VALUES ('1', 'admin', '修改密码', 'com.cf.controller.SysUserController.password()', '\"\"', '127.0.0.1', '2017-09-28 10:59:06');
INSERT INTO `sys_log` VALUES ('2', 'admin', '删除定时任务', 'com.cf.controller.ScheduleJobController.delete()', '[1,2]', '127.0.0.1', '2017-11-19 07:59:43');
INSERT INTO `sys_log` VALUES ('3', 'admin', '删除菜单', 'com.cf.controller.SysMenuController.delete()', '[7,8,9,10,11,12,13,14]', '127.0.0.1', '2017-11-19 08:06:03');
INSERT INTO `sys_log` VALUES ('4', 'admin', '保存角色', 'com.system.controller.SysRoleController.save()', '{\"menuIdList\":[1,2,15,16,17,18,3,19,20,21,22,4,23,24,25,26,28],\"remark\":\"x\",\"roleName\":\"xp\"}', '127.0.0.1', '2017-11-19 08:50:34');
INSERT INTO `sys_log` VALUES ('5', 'admin', '修改菜单', 'com.system.controller.SysMenuController.update()', '{\"icon\":\"fa fa-cog\",\"menuId\":1,\"name\":\"权限管理\",\"orderNum\":0,\"parentId\":0,\"parentName\":\"一级菜单\",\"type\":0}', '127.0.0.1', '2017-11-19 08:51:21');

-- ----------------------------
-- Table structure for sys_menu
-- ----------------------------
DROP TABLE IF EXISTS `sys_menu`;
CREATE TABLE `sys_menu` (
  `menu_id` bigint(20) NOT NULL AUTO_INCREMENT,
  `parent_id` bigint(20) DEFAULT NULL COMMENT '父菜单ID，一级菜单为0',
  `name` varchar(50) DEFAULT NULL COMMENT '菜单名称',
  `url` varchar(200) DEFAULT NULL COMMENT '菜单URL',
  `perms` varchar(500) DEFAULT NULL COMMENT '授权(多个用逗号分隔，如：user:list,user:create)',
  `type` int(11) DEFAULT NULL COMMENT '类型   0：目录   1：菜单   2：按钮',
  `icon` varchar(50) DEFAULT NULL COMMENT '菜单图标',
  `order_num` int(11) DEFAULT NULL COMMENT '排序',
  PRIMARY KEY (`menu_id`)
) ENGINE=InnoDB AUTO_INCREMENT=30 DEFAULT CHARSET=utf8 COMMENT='菜单管理';

-- ----------------------------
-- Records of sys_menu
-- ----------------------------
INSERT INTO `sys_menu` VALUES ('1', '0', '权限管理', null, null, '0', 'fa fa-cog', '0');
INSERT INTO `sys_menu` VALUES ('2', '1', '用户管理', 'sys/user.html', null, '1', 'fa fa-user', '1');
INSERT INTO `sys_menu` VALUES ('3', '1', '角色管理', 'sys/role.html', null, '1', 'fa fa-user-secret', '2');
INSERT INTO `sys_menu` VALUES ('4', '1', '菜单管理', 'sys/menu.html', null, '1', 'fa fa-th-list', '3');
INSERT INTO `sys_menu` VALUES ('15', '2', '查看', null, 'sys:user:list,sys:user:info', '2', null, '0');
INSERT INTO `sys_menu` VALUES ('16', '2', '新增', null, 'sys:user:save,sys:role:select', '2', null, '0');
INSERT INTO `sys_menu` VALUES ('17', '2', '修改', null, 'sys:user:update,sys:role:select', '2', null, '0');
INSERT INTO `sys_menu` VALUES ('18', '2', '删除', null, 'sys:user:delete', '2', null, '0');
INSERT INTO `sys_menu` VALUES ('19', '3', '查看', null, 'sys:role:list,sys:role:info', '2', null, '0');
INSERT INTO `sys_menu` VALUES ('20', '3', '新增', null, 'sys:role:save,sys:menu:perms', '2', null, '0');
INSERT INTO `sys_menu` VALUES ('21', '3', '修改', null, 'sys:role:update,sys:menu:perms', '2', null, '0');
INSERT INTO `sys_menu` VALUES ('22', '3', '删除', null, 'sys:role:delete', '2', null, '0');
INSERT INTO `sys_menu` VALUES ('23', '4', '查看', null, 'sys:menu:list,sys:menu:info', '2', null, '0');
INSERT INTO `sys_menu` VALUES ('24', '4', '新增', null, 'sys:menu:save,sys:menu:select', '2', null, '0');
INSERT INTO `sys_menu` VALUES ('25', '4', '修改', null, 'sys:menu:update,sys:menu:select', '2', null, '0');
INSERT INTO `sys_menu` VALUES ('26', '4', '删除', null, 'sys:menu:delete', '2', null, '0');
INSERT INTO `sys_menu` VALUES ('28', '1', '代码生成器', 'sys/generator.html', 'sys:generator:list,sys:generator:code', '1', 'fa fa-rocket', '8');

-- ----------------------------
-- Table structure for sys_role
-- ----------------------------
DROP TABLE IF EXISTS `sys_role`;
CREATE TABLE `sys_role` (
  `role_id` bigint(20) NOT NULL AUTO_INCREMENT,
  `role_name` varchar(100) DEFAULT NULL COMMENT '角色名称',
  `remark` varchar(100) DEFAULT NULL COMMENT '备注',
  `create_user_id` bigint(20) DEFAULT NULL COMMENT '创建者ID',
  `create_time` datetime DEFAULT NULL COMMENT '创建时间',
  PRIMARY KEY (`role_id`)
) ENGINE=InnoDB AUTO_INCREMENT=2 DEFAULT CHARSET=utf8 COMMENT='角色';

-- ----------------------------
-- Records of sys_role
-- ----------------------------
INSERT INTO `sys_role` VALUES ('1', 'xp', 'x', '1', '2017-11-19 08:50:35');

-- ----------------------------
-- Table structure for sys_role_menu
-- ----------------------------
DROP TABLE IF EXISTS `sys_role_menu`;
CREATE TABLE `sys_role_menu` (
  `id` bigint(20) NOT NULL AUTO_INCREMENT,
  `role_id` bigint(20) DEFAULT NULL COMMENT '角色ID',
  `menu_id` bigint(20) DEFAULT NULL COMMENT '菜单ID',
  PRIMARY KEY (`id`)
) ENGINE=InnoDB AUTO_INCREMENT=18 DEFAULT CHARSET=utf8 COMMENT='角色与菜单对应关系';

-- ----------------------------
-- Records of sys_role_menu
-- ----------------------------
INSERT INTO `sys_role_menu` VALUES ('1', '1', '1');
INSERT INTO `sys_role_menu` VALUES ('2', '1', '2');
INSERT INTO `sys_role_menu` VALUES ('3', '1', '15');
INSERT INTO `sys_role_menu` VALUES ('4', '1', '16');
INSERT INTO `sys_role_menu` VALUES ('5', '1', '17');
INSERT INTO `sys_role_menu` VALUES ('6', '1', '18');
INSERT INTO `sys_role_menu` VALUES ('7', '1', '3');
INSERT INTO `sys_role_menu` VALUES ('8', '1', '19');
INSERT INTO `sys_role_menu` VALUES ('9', '1', '20');
INSERT INTO `sys_role_menu` VALUES ('10', '1', '21');
INSERT INTO `sys_role_menu` VALUES ('11', '1', '22');
INSERT INTO `sys_role_menu` VALUES ('12', '1', '4');
INSERT INTO `sys_role_menu` VALUES ('13', '1', '23');
INSERT INTO `sys_role_menu` VALUES ('14', '1', '24');
INSERT INTO `sys_role_menu` VALUES ('15', '1', '25');
INSERT INTO `sys_role_menu` VALUES ('16', '1', '26');
INSERT INTO `sys_role_menu` VALUES ('17', '1', '28');

-- ----------------------------
-- Table structure for sys_user
-- ----------------------------
DROP TABLE IF EXISTS `sys_user`;
CREATE TABLE `sys_user` (
  `user_id` bigint(20) NOT NULL AUTO_INCREMENT,
  `username` varchar(50) NOT NULL COMMENT '用户名',
  `password` varchar(100) DEFAULT NULL COMMENT '密码',
  `email` varchar(100) DEFAULT NULL COMMENT '邮箱',
  `mobile` varchar(100) DEFAULT NULL COMMENT '手机号',
  `status` tinyint(4) DEFAULT NULL COMMENT '状态  0：禁用   1：正常',
  `create_user_id` bigint(20) DEFAULT NULL COMMENT '创建者ID',
  `create_time` datetime DEFAULT NULL COMMENT '创建时间',
  PRIMARY KEY (`user_id`),
  UNIQUE KEY `username` (`username`)
) ENGINE=InnoDB AUTO_INCREMENT=2 DEFAULT CHARSET=utf8 COMMENT='系统用户';

-- ----------------------------
-- Records of sys_user
-- ----------------------------
INSERT INTO `sys_user` VALUES ('1', 'admin', '8c6976e5b5410415bde908bd4dee15dfb167a9c873fc4bb8a81f6f2ab448a918', '100@qq.com', '13666666666', '1', null, '2017-06-01 15:33:20');

-- ----------------------------
-- Table structure for sys_user_role
-- ----------------------------
DROP TABLE IF EXISTS `sys_user_role`;
CREATE TABLE `sys_user_role` (
  `id` bigint(20) NOT NULL AUTO_INCREMENT,
  `user_id` bigint(20) DEFAULT NULL COMMENT '用户ID',
  `role_id` bigint(20) DEFAULT NULL COMMENT '角色ID',
  PRIMARY KEY (`id`)
) ENGINE=InnoDB DEFAULT CHARSET=utf8 COMMENT='用户与角色对应关系';

-- ----------------------------
-- Records of sys_user_role
-- ----------------------------

-- ----------------------------
-- Table structure for tb_token
-- ----------------------------
DROP TABLE IF EXISTS `tb_token`;
CREATE TABLE `tb_token` (
  `user_id` bigint(20) NOT NULL,
  `token` varchar(100) NOT NULL COMMENT 'token',
  `expire_time` datetime DEFAULT NULL COMMENT '过期时间',
  `update_time` datetime DEFAULT NULL COMMENT '更新时间',
  PRIMARY KEY (`user_id`),
  UNIQUE KEY `token` (`token`)
) ENGINE=InnoDB DEFAULT CHARSET=utf8 COMMENT='用户Token';

-- ----------------------------
-- Records of tb_token
-- ----------------------------

-- ----------------------------
-- Table structure for tb_user
-- ----------------------------
DROP TABLE IF EXISTS `tb_user`;
CREATE TABLE `tb_user` (
  `user_id` bigint(20) NOT NULL AUTO_INCREMENT,
  `username` varchar(50) NOT NULL COMMENT '用户名',
  `mobile` varchar(20) NOT NULL COMMENT '手机号',
  `password` varchar(64) DEFAULT NULL COMMENT '密码',
  `create_time` datetime DEFAULT NULL COMMENT '创建时间',
  PRIMARY KEY (`user_id`),
  UNIQUE KEY `username` (`username`)
) ENGINE=InnoDB AUTO_INCREMENT=2 DEFAULT CHARSET=utf8 COMMENT='用户';

-- ----------------------------
-- Records of tb_user
-- ----------------------------
INSERT INTO `tb_user` VALUES ('1', 'test', '13888888888', '8c6976e5b5410415bde908bd4dee15dfb167a9c873fc4bb8a81f6f2ab448a918', '2017-03-23 22:37:41');
